<?xml version='1.0' encoding='utf-8'?>
<!DOCTYPE hibernate-configuration PUBLIC
          "-//Hibernate/Hibernate Configuration DTD 5.0//EN"
          "http://hibernate.org/dtd/hibernate-configuration-5.0.dtd">
<hibernate-configuration>
	<session-factory>

		<!-- Database connection settings -->
		<property name="hibernate.connection.driver_class">com.microsoft.sqlserver.jdbc.SQLServerDriver</property>
		<property name="hibernate.connection.url">jdbc:sqlserver://localhost:1433;databaseName=UHCLSystem</property>
		<property name="hibernate.connection.username">SA</property>
		<property name="hibernate.connection.password">reallyStrongPwd123</property>

		<!-- JDBC connection pool settings ... -->
		<property name="connection.pool_size">1</property>

		<!-- Echo all executed SQL to stdout -->
		<property name="show_sql">true</property>

		<!-- Drop and re-create the database schema on startup -->
		<property name="hbm2ddl.auto">update</property>

		<!-- Mention annotated class -->
		<mapping class="com.uhcl.eservice.UserProfile" />

	</session-factory>
</hibernate-configuration>
